<?xml version="1.0" encoding="UTF-8"?>
<project-private xmlns="http://www.netbeans.org/ns/project-private/1">
    <editor-bookmarks xmlns="http://www.netbeans.org/ns/editor-bookmarks/2" lastBookmarkId="0"/>
    <open-files xmlns="http://www.netbeans.org/ns/projectui-open-files/2">
        <group>
            <file>file:/C:/Users/pierre/Desktop/projet/gobackn/bqsim/src/reso/examples/gobackn/GoBackNProtocol.java</file>
            <file>file:/C:/Users/pierre/Desktop/projet/gobackn/bqsim/src/reso/examples/gobackn/PayloadMessage.java</file>
            <file>file:/C:/Users/pierre/Desktop/projet/gobackn/bqsim/src/reso/examples/gobackn/SenderProtocol.java</file>
            <file>file:/C:/Users/pierre/Desktop/projet/gobackn/bqsim/src/reso/examples/gobackn/AckMessage.java</file>
            <file>file:/C:/Users/pierre/Desktop/projet/gobackn/bqsim/src/reso/examples/gobackn/Receiver.java</file>
            <file>file:/C:/Users/pierre/Desktop/projet/gobackn/bqsim/src/reso/examples/gobackn/Timer.java</file>
            <file>file:/C:/Users/pierre/Desktop/projet/gobackn/bqsim/src/reso/examples/gobackn/LauncherGoBackN.java</file>
            <file>file:/C:/Users/pierre/Desktop/projet/gobackn/bqsim/src/reso/examples/gobackn/Sender.java</file>
        </group>
    </open-files>
</project-private>
